fluoorescent2: Wavelength (nm),fluoorescent2: Intensity (rel),LED1: Intensity (rel),LED2: Intensity (rel),incandescent1: Intensity (rel),incandescent2: Intensity (rel),fluorescent1: Intensity (rel)
380.6,0.021038122,0.022615396,0.019219755,0.018515806,0.019150835,0.020178149
381.5,0.021198766,0.022411943,0.019150242,0.018731551,0.019418716,0.020539279
382.3,0.021535312,0.022445004,0.018728076,0.01911557,0.019285623,0.021478557
383.2,0.020931733,0.022642524,0.018635674,0.019634377,0.019713724,0.021528573
384.1,0.020300179,0.022473827,0.018766223,0.019820028,0.019400914,0.022171147
385,0.02048583,0.022705255,0.019363021,0.020037046,0.019780694,0.022235574
385.9,0.021022439,0.022868866,0.019867416,0.01972254,0.019694226,0.022505998
386.8,0.021805736,0.0234148,0.019952188,0.019831896,0.019981604,0.022151649
387.7,0.021937981,0.023587735,0.020011529,0.019558082,0.020385968,0.022092309
388.5,0.022097353,0.023396997,0.020120885,0.019634377,0.020300348,0.021958368
389.4,0.022108373,0.023479227,0.0203574,0.019768317,0.020641133,0.022247442
390.3,0.022045641,0.023369022,0.020456584,0.019693718,0.020108763,0.02267639
391.2,0.022353365,0.023372413,0.020398091,0.019849699,0.019801039,0.023120597
392.1,0.02237032,0.023611471,0.019970838,0.020173529,0.019658622,0.023025652
393,0.022605987,0.023218975,0.019330807,0.020544832,0.020246942,0.02290358
393.9,0.022179582,0.023869179,0.019676678,0.020353246,0.021070081,0.023240126
394.7,0.022637352,0.023918347,0.020257369,0.02004298,0.02154735,0.02338763
395.6,0.022996787,0.024404941,0.020960132,0.019886151,0.02111162,0.023297771
396.5,0.023240084,0.024314234,0.021059315,0.020538898,0.021028543,0.02366314
397.4,0.023246866,0.024643151,0.021399252,0.020305774,0.020415639,0.024036986
398.3,0.02316718,0.024883057,0.021511152,0.020815256,0.020403771,0.02420314
399.2,0.023778388,0.025396777,0.0214374,0.020665209,0.020691997,0.024560879
400.1,0.024334495,0.02553326,0.021224621,0.020885617,0.021102295,0.025182261
400.9,0.025086425,0.026151251,0.021367039,0.021276417,0.022044963,0.026011334
401.8,0.025238168,0.026052915,0.021739189,0.02140188,0.021679594,0.026218179
402.7,0.024696473,0.026357248,0.021885846,0.021834219,0.021582954,0.026191899
403.6,0.025052516,0.026502208,0.022181701,0.02140951,0.021495638,0.026701381
404.5,0.025601841,0.027261769,0.021614574,0.02166637,0.021890678,0.026801412
405.4,0.026072328,0.028129837,0.022024872,0.021764706,0.022569704,0.027527911
406.3,0.026382595,0.029427702,0.022407195,0.022045302,0.023098683,0.028472275
407.2,0.026787806,0.030096556,0.023903427,0.022581064,0.023157176,0.029117393
408,0.028161966,0.031063808,0.024074667,0.022886244,0.023039343,0.029743013
408.9,0.029021558,0.031396116,0.024389173,0.022456448,0.022497648,0.029618397
409.8,0.029547994,0.032782144,0.024630774,0.021931707,0.0230741,0.031022227
410.7,0.029956597,0.033899443,0.024885091,0.022142791,0.023341132,0.03210477
411.6,0.031518951,0.035446538,0.024800319,0.023113434,0.024036266,0.034345303
412.5,0.035631257,0.036901232,0.025603961,0.023395726,0.024215135,0.038488128
413.4,0.039935149,0.038906945,0.026744996,0.023258395,0.024543204,0.041739147
414.2,0.041561083,0.041698499,0.028155608,0.023158363,0.024114256,0.044599366
415.1,0.041614489,0.044725719,0.028955011,0.023175318,0.023862482,0.044718047
416,0.042744505,0.048203081,0.030215576,0.023450828,0.024125277,0.048090291
416.9,0.046256623,0.052063613,0.03163297,0.02398235,0.024878903,0.051754999
417.8,0.04863703,0.056485339,0.032927443,0.023951832,0.025031493,0.05477459
418.7,0.050363843,0.062143893,0.034399091,0.024169697,0.02505862,0.056230131
419.6,0.050945381,0.068122038,0.035918212,0.02369582,0.024834821,0.057569535
420.4,0.053319855,0.0746529,0.036932937,0.0245037,0.024969609,0.059537948
421.3,0.055779948,0.0815042,0.038102795,0.02512932,0.024911964,0.062065012
422.2,0.059477718,0.089956851,0.040050863,0.025409069,0.025019625,0.066267177
423.1,0.062782991,0.100266016,0.043672338,0.025646432,0.025810551,0.07082369
424,0.06533803,0.111180455,0.047816858,0.024983512,0.026130143,0.073465197
424.9,0.066189144,0.12294177,0.05127896,0.025022507,0.026545527,0.074096751
425.8,0.067613319,0.134709867,0.05413155,0.025304799,0.026000441,0.075626044
426.6,0.069023084,0.147722421,0.057186745,0.026051643,0.026158117,0.078046294
427.5,0.072152878,0.16018989,0.061004891,0.026692522,0.026252215,0.081009088
428.4,0.075608199,0.17400863,0.065175691,0.02676034,0.026666751,0.084103278
429.3,0.081411714,0.18719412,0.070073837,0.026822224,0.027159279,0.089935615
430.2,0.08593008,0.200859422,0.074736316,0.027117232,0.027628918,0.096586006
431.1,0.091222417,0.215154582,0.079101244,0.027884421,0.027711994,0.103809457
432,0.093859685,0.229165755,0.082885481,0.027939523,0.027919687,0.107753914
432.8,0.096826717,0.243457525,0.087584412,0.027997169,0.028096861,0.10980371
433.7,0.098116104,0.255910582,0.093265007,0.028068377,0.028288446,0.110716708
434.6,0.099509762,0.268881598,0.09836152,0.02832439,0.028211304,0.112401982
435.5,0.099113875,0.28081161,0.102151692,0.028861847,0.028456296,0.113332782
436.4,0.098425523,0.291820995,0.106267389,0.028278613,0.028580063,0.113300569
437.3,0.098334817,0.302609123,0.110507702,0.029093275,0.028981884,0.113379407
438.2,0.100319337,0.311943406,0.114695455,0.028950857,0.02889033,0.115499563
439,0.104085773,0.32088265,0.117129269,0.029503573,0.029529513,0.118861635
439.9,0.105409917,0.327249053,0.120676992,0.028949162,0.029444741,0.120929232
440.8,0.103861126,0.334621703,0.123100633,0.029101752,0.029387096,0.11751545
441.7,0.098418741,0.339637683,0.125481041,0.029090732,0.029081068,0.112002704
442.6,0.093706247,0.342743742,0.126900977,0.029626493,0.02918449,0.106299221
443.5,0.090203454,0.343933098,0.128187822,0.029630732,0.030077991,0.102656553
444.4,0.08709909,0.343259158,0.128057272,0.029768063,0.03048405,0.09856544
445.2,0.08309614,0.34342192,0.127340946,0.02980621,0.030779906,0.094099633
446.1,0.079358528,0.341111026,0.126576299,0.030713275,0.031046091,0.091159728
447,0.076259251,0.338177903,0.126545781,0.03113205,0.031751397,0.089566008
447.9,0.076547477,0.332901673,0.124388325,0.031675441,0.032507566,0.08976268
448.8,0.076594102,0.327589837,0.121725626,0.031168502,0.032841569,0.089443936
449.7,0.076678026,0.32091232,0.118527165,0.031535566,0.033207785,0.089534642
450.6,0.076175326,0.313984724,0.11577376,0.031909412,0.033541789,0.088859007
451.5,0.076329612,0.30529895,0.112360825,0.032771547,0.033468037,0.088587735
452.3,0.077066283,0.297073489,0.109012317,0.033500589,0.033629104,0.088464815
453.2,0.077866534,0.287753618,0.106014767,0.033657418,0.034097895,0.088668269
454.1,0.078593033,0.278534625,0.10357841,0.034038046,0.034595509,0.089852539
455,0.079118622,0.269535193,0.100827548,0.033947339,0.034846435,0.090189085
455.9,0.07889228,0.262237142,0.097817282,0.034483101,0.035397455,0.090833355
456.8,0.07885498,0.254179531,0.094962149,0.034711138,0.035980689,0.091468299
457.7,0.079121165,0.247496079,0.092230784,0.035166366,0.036605461,0.092636462
458.5,0.07832261,0.239239253,0.089151853,0.035290133,0.036087502,0.093025567
459.4,0.077802955,0.232646508,0.086019515,0.035189254,0.036231615,0.091606478
460.3,0.076837398,0.225917279,0.082910065,0.035606334,0.036324865,0.091134296
461.2,0.07714936,0.218678569,0.080466078,0.035856413,0.037409951,0.090180607
462.1,0.077070522,0.212169748,0.07822385,0.036719395,0.038006748,0.09001954
463,0.07649407,0.204870002,0.075712893,0.036658359,0.038926528,0.089112476
463.9,0.07450955,0.19806363,0.072924731,0.036861813,0.038886685,0.087018599
464.7,0.073119283,0.190707086,0.071365767,0.037783288,0.039393623,0.08598692
465.6,0.071690869,0.183076727,0.069146427,0.037977417,0.039459746,0.084135492
466.5,0.070643083,0.175679493,0.067595093,0.038656443,0.039794597,0.082974958
467.4,0.068694167,0.168693404,0.064596696,0.038016412,0.038978239,0.08064711
468.3,0.067372566,0.163863076,0.062673211,0.038308877,0.038400939,0.078192103
469.2,0.066681671,0.15967617,0.060720904,0.037946051,0.038778176,0.07689339
470.1,0.066043336,0.156201351,0.059668879,0.037901969,0.039205429,0.076164348
470.9,0.06543467,0.152585811,0.058682129,0.037651891,0.039953121,0.076421208
471.8,0.065495706,0.149870553,0.057764045,0.037801938,0.039464832,0.076027017
472.7,0.06627985,0.148452311,0.05688326,0.038246993,0.039835287,0.076717064
473.6,0.06753109,0.147049329,0.056757797,0.038439426,0.039684393,0.077918288
474.5,0.068549206,0.147751244,0.057597043,0.038575062,0.040315947,0.079221239
475.4,0.070043743,0.148125938,0.058065834,0.038521655,0.040956825,0.081399888
476.3,0.071618813,0.149384807,0.058554123,0.038926019,0.04094411,0.083604817
477.1,0.073131999,0.150820851,0.058643134,0.038852267,0.041060248,0.086477751
478,0.074505311,0.154289735,0.060046116,0.03926087,0.040427846,0.088597908
478.9,0.076536456,0.158070581,0.060845519,0.039895815,0.040833058,0.089759289
479.8,0.078798182,0.162377864,0.062253588,0.040535846,0.041388317,0.091993888
480.7,0.081596518,0.16733196,0.063326806,0.041559048,0.042750608,0.09495329
481.6,0.083536957,0.173641566,0.065435942,0.041722659,0.043396574,0.098702771
482.5,0.087301696,0.180467435,0.067420462,0.04234404,0.043889949,0.102715894
483.3,0.091024898,0.187446742,0.070212863,0.04205751,0.044098489,0.106415359
484.2,0.094085179,0.194721057,0.072891669,0.043183286,0.044368912,0.109821512
485.1,0.096702949,0.203798479,0.075642532,0.044147148,0.044529132,0.113312437
486,0.098331426,0.213381145,0.078773175,0.045247493,0.045429414,0.115959877
486.9,0.10008367,0.223252037,0.082516721,0.045164416,0.046584014,0.117295889
487.8,0.100259149,0.232778753,0.085525292,0.046638607,0.04857023,0.117250112
488.7,0.099419055,0.241657808,0.089312072,0.047538889,0.049835033,0.116049736
489.5,0.097922823,0.251861855,0.092294363,0.04891644,0.051353306,0.113955011
490.4,0.094132652,0.261711554,0.097049244,0.048961369,0.051638988,0.109774039
491.3,0.091019811,0.272525962,0.100278223,0.049848936,0.052372269,0.104662267
492.2,0.086956673,0.281967905,0.104142146,0.051280741,0.053371735,0.099291091
493.1,0.082741792,0.291202157,0.106927765,0.052469249,0.054694184,0.093884311
494,0.077285844,0.299297915,0.110364436,0.05379085,0.055937794,0.088072319
494.9,0.072815798,0.307763282,0.115032002,0.054947992,0.057120368,0.083167391
495.8,0.068539881,0.315341082,0.119181608,0.055873706,0.058212236,0.078285352
496.6,0.064035079,0.322229682,0.122907352,0.056802811,0.058898892,0.074429058
497.5,0.060055017,0.329706603,0.125264023,0.05749964,0.059845799,0.070151446
498.4,0.057389775,0.337072472,0.128626942,0.059040801,0.060423099,0.066813959
499.3,0.055151785,0.342181701,0.13073184,0.059724914,0.061286929,0.06330947
500.2,0.05213728,0.343580445,0.131861007,0.0601954,0.061563287,0.059419267
501.1,0.049721269,0.344183176,0.132073786,0.060136907,0.062044794,0.056041089
502,0.048383561,0.345123301,0.132662106,0.060358163,0.062369472,0.05296131
502.8,0.04752736,0.344166222,0.132724837,0.060096217,0.062494935,0.050927621
503.7,0.045279198,0.342218153,0.132121258,0.059796123,0.062156693,0.048687088
504.6,0.043540517,0.33991065,0.130912405,0.06025135,0.06135729,0.047164577
505.5,0.042094301,0.33742682,0.129261039,0.059828336,0.06029594,0.045723447
506.4,0.041581428,0.333295016,0.12694845,0.059483313,0.059518578,0.045032553
507.3,0.040681146,0.329642176,0.124690115,0.058418572,0.059507557,0.043991548
508.2,0.039916499,0.328176462,0.123438875,0.058129498,0.060015344,0.043216729
509,0.038979765,0.324511754,0.122258844,0.058121869,0.06013233,0.042712334
509.9,0.038494019,0.322021142,0.121905343,0.057548808,0.06010605,0.042176572
510.8,0.038042183,0.319399134,0.120665124,0.058064224,0.060083162,0.042285929
511.7,0.037807363,0.317534142,0.120066631,0.057692921,0.060024669,0.041451769
512.5,0.037659012,0.314268711,0.118308453,0.05760391,0.060265422,0.041293244
513.3,0.03787942,0.310444631,0.117075015,0.057396217,0.060308656,0.04084056
514.1,0.037862465,0.30925358,0.116435832,0.057332638,0.060610446,0.040622695
514.9,0.036693455,0.306178039,0.114337716,0.057713266,0.059825454,0.039403669
515.7,0.035731289,0.303322906,0.113114451,0.057352136,0.059472801,0.038216008
516.5,0.035220959,0.301471478,0.112137874,0.057896374,0.058883633,0.037531896
517.2,0.035273518,0.300086298,0.11294745,0.057892136,0.059201529,0.037668379
518,0.035087019,0.299465765,0.11319668,0.058450785,0.059165925,0.037855726
518.8,0.034793707,0.299378449,0.112874545,0.058578792,0.060145893,0.037670922
519.6,0.034688589,0.301067962,0.112433729,0.059133203,0.061098734,0.037534439
520.4,0.034578385,0.301617287,0.111998847,0.059933454,0.062107525,0.037045302
521.2,0.034545324,0.302045387,0.112100574,0.06042259,0.063212109,0.036886778
521.9,0.034291007,0.302988056,0.112237057,0.061215212,0.063869095,0.037060561
522.7,0.034034994,0.304212168,0.112355739,0.061567017,0.063922501,0.037113968
523.5,0.034061273,0.306790943,0.11264566,0.062062935,0.063958953,0.03712075
524.3,0.034051101,0.311035494,0.11376635,0.062845384,0.064445546,0.036309478
525.1,0.034196909,0.316109119,0.116098438,0.06439587,0.066846299,0.036634156
525.9,0.03459873,0.319138883,0.117511593,0.066034519,0.068612107,0.037190263
526.6,0.035538008,0.32121411,0.119492722,0.067395963,0.070516094,0.038442351
527.4,0.036434051,0.325787577,0.120843993,0.068851504,0.072309029,0.039488441
528.2,0.037086798,0.331068894,0.122760696,0.070309589,0.073700143,0.040327687
529,0.038381272,0.334874325,0.124038215,0.072166951,0.074983597,0.041675568
529.8,0.039768995,0.338856082,0.126437273,0.07373863,0.076374711,0.043628723
530.6,0.041961208,0.344148419,0.128747319,0.076148708,0.078872952,0.045926901
531.3,0.044439952,0.351582106,0.131383739,0.078245128,0.081335588,0.049558548
532.1,0.04836915,0.358137552,0.133848919,0.079465849,0.082555462,0.054482973
532.9,0.054729619,0.365107534,0.136837992,0.081579224,0.084005069,0.062870349
533.7,0.064169019,0.372261472,0.140417928,0.084041861,0.08682375,0.07381022
534.5,0.07783856,0.377725897,0.142983139,0.086568076,0.090196841,0.090500199
535.3,0.100219306,0.382481626,0.145183829,0.088269457,0.092023685,0.116391368
536,0.138379577,0.386213304,0.147716826,0.090032722,0.093544501,0.160329722
536.8,0.198552682,0.390938515,0.149601316,0.092000288,0.095169587,0.227544866
537.6,0.273602486,0.39255258,0.15065334,0.093039597,0.097774641,0.313989768
538.4,0.359230182,0.393911481,0.150295601,0.094062799,0.099842239,0.409524809
539.2,0.447883404,0.395507744,0.151306935,0.096139722,0.101551249,0.509100099
540,0.534342718,0.397386299,0.152926935,0.097707162,0.102702458,0.604593601
540.7,0.615456287,0.397215059,0.153614438,0.098320914,0.102476963,0.693262082
541.5,0.68991438,0.396172359,0.153891644,0.098899062,0.102516806,0.775927833
542.3,0.761225723,0.396403788,0.153795851,0.100539406,0.104120699,0.850573273
543.1,0.80915855,0.397067555,0.154307028,0.102348448,0.10505489,0.903196553
543.9,0.835410849,0.394081873,0.151752838,0.102119563,0.106337496,0.925528979
544.7,0.822946771,0.390406144,0.149699652,0.102260285,0.106203555,0.911019345
545.4,0.787484805,0.384876444,0.148086434,0.10182286,0.106498563,0.870618541
546.2,0.71248756,0.380854844,0.146763138,0.102040725,0.106664717,0.789504124
547,0.61227139,0.374335851,0.144340344,0.10014691,0.105809364,0.679163594
547.8,0.498204267,0.369218992,0.141186813,0.099277994,0.104993854,0.556359833
548.6,0.394327628,0.365613625,0.140651899,0.098492154,0.103463713,0.445083416
549.4,0.309976603,0.362082009,0.138266406,0.098463332,0.103172944,0.353730195
550.1,0.242271475,0.354516077,0.135704585,0.097447759,0.103030527,0.276851852
550.9,0.186544679,0.347229894,0.131657554,0.095794698,0.101319821,0.21557162
551.7,0.142762307,0.340316709,0.129194069,0.095130083,0.099163212,0.166646957
552.5,0.110194468,0.335701703,0.126600883,0.093817807,0.097652569,0.129358994
553.3,0.086427693,0.32813238,0.12401024,0.093112501,0.096242805,0.09999894
554.1,0.069583429,0.322264439,0.121451811,0.09160101,0.095269618,0.080781898
554.8,0.0577526,0.31730017,0.119224842,0.090711749,0.094340514,0.066518103
555.6,0.049645821,0.313909277,0.117753194,0.089821639,0.094507515,0.056865076
556.4,0.044262777,0.307609844,0.115131185,0.088706883,0.093602994,0.048722693
557.2,0.039952104,0.302849029,0.112849114,0.088012597,0.092673889,0.043802506
558,0.036946924,0.29856633,0.110239821,0.087788798,0.091782932,0.039952994
558.8,0.034943754,0.296675059,0.108483338,0.087396302,0.091587956,0.037670922
559.5,0.033766266,0.292208404,0.106493731,0.08669693,0.091277689,0.035824581
560.3,0.033002467,0.287266177,0.104968677,0.086243398,0.090473199,0.034407187
561.1,0.031915685,0.283150479,0.102978222,0.086123869,0.089744157,0.033190704
561.9,0.030569501,0.281299051,0.101941456,0.086210337,0.088724346,0.03230229
562.7,0.029405576,0.279918958,0.100853827,0.085640667,0.088827768,0.03147915
563.5,0.028724007,0.276349194,0.100593576,0.085452472,0.0883505,0.030266058
564.2,0.028251825,0.275422633,0.099491535,0.086539254,0.088838788,0.029158083
565,0.027541432,0.275333622,0.098692132,0.087129269,0.089259259,0.028827471
565.8,0.02682002,0.276625552,0.098757407,0.088017684,0.0898586,0.028637581
566.6,0.026861558,0.276217797,0.098084315,0.087882895,0.091028458,0.028472275
567.4,0.026881056,0.275064046,0.098204691,0.088729771,0.09092334,0.027989073
568.2,0.027443097,0.275175945,0.097630783,0.089502895,0.092681519,0.027909387
568.9,0.026995499,0.274998771,0.098178412,0.090555767,0.093510592,0.027878869
569.7,0.027146393,0.275556573,0.09721455,0.091480634,0.096291125,0.028123013
570.5,0.026519078,0.276130482,0.097466324,0.091738342,0.096834516,0.027839026
571.3,0.026959046,0.276271204,0.097512101,0.09239448,0.098194264,0.028054348
572.1,0.027794054,0.277689445,0.099376245,0.093737274,0.099654892,0.02820609
572.9,0.028452735,0.27950103,0.101037783,0.095796394,0.1013088,0.029030077
573.6,0.028780804,0.281648313,0.102238159,0.097977586,0.10279825,0.029814221
574.4,0.029913363,0.283689631,0.102561142,0.100516518,0.103845189,0.031956419
575.2,0.035293863,0.285278265,0.102815459,0.102565465,0.10613489,0.037835381
576,0.046219323,0.287189882,0.104538881,0.1045449,0.107353916,0.050274027
576.8,0.053787798,0.288634402,0.104756746,0.106174224,0.109110399,0.059176818
577.6,0.059914295,0.291626866,0.105671439,0.107584836,0.110590524,0.066499453
578.3,0.064006256,0.29566203,0.105065317,0.109605809,0.113086222,0.071161932
579.1,0.066703712,0.298451887,0.105591753,0.111588634,0.115348796,0.074447708
579.9,0.066157778,0.300723786,0.106614108,0.113635038,0.11852352,0.074371413
580.7,0.061803023,0.302292075,0.108089147,0.115751804,0.121901698,0.070541399
581.5,0.063886727,0.304141807,0.110074515,0.117409103,0.124438087,0.073602528
582.3,0.070343837,0.306056814,0.11077643,0.120340531,0.126031807,0.081410061
583,0.079354289,0.306511194,0.111636021,0.121607877,0.126465841,0.090952884
583.8,0.085798683,0.30806168,0.112368455,0.123404203,0.128215542,0.097643965
584.6,0.087135543,0.309489247,0.113281453,0.125547248,0.130586625,0.09924701
585.4,0.085361257,0.310225071,0.114267355,0.127996321,0.132974662,0.097960165
586.2,0.086219153,0.311401711,0.11418004,0.129223824,0.134520909,0.100232064
587,0.090259403,0.310281868,0.113907073,0.12997406,0.135524614,0.105984716
587.7,0.088168917,0.310541271,0.113377245,0.130798895,0.137667659,0.104550367
588.5,0.07878038,0.309338352,0.113985911,0.132618957,0.13932411,0.092115112
589.2,0.06552792,0.308603376,0.11366208,0.133430228,0.139458898,0.075509906
590,0.05876563,0.307434365,0.113612913,0.133409035,0.139457203,0.066304477
590.7,0.056655646,0.306084789,0.112326916,0.133603164,0.13966659,0.06481757
591.4,0.058604562,0.303885795,0.111942897,0.13496376,0.141568034,0.067665073
592.2,0.062899129,0.301591007,0.111298628,0.137613743,0.143862821,0.074207802
592.9,0.066534167,0.29779914,0.110416995,0.138299552,0.144622382,0.07775383
593.6,0.062908454,0.294318388,0.108940261,0.137519646,0.145000466,0.07320325
594.4,0.054933072,0.29172605,0.10758136,0.137627307,0.144074752,0.061794588
595.1,0.04638039,0.288584387,0.106872663,0.138135093,0.144329917,0.051897417
595.9,0.042418979,0.28544018,0.106323339,0.139013335,0.144379933,0.046845833
596.6,0.041165196,0.280858235,0.105048363,0.138096098,0.144903826,0.045284326
597.3,0.040587896,0.276025364,0.102676432,0.13818087,0.144391801,0.04463497
598.1,0.042686859,0.271464612,0.101278536,0.138042691,0.14448166,0.046212584
598.8,0.045157126,0.266256199,0.099711944,0.137669693,0.14390436,0.048864263
599.5,0.045803939,0.263485839,0.098828616,0.137289065,0.144461314,0.050586837
600.3,0.043596467,0.25757212,0.096563499,0.136475251,0.142953214,0.048721845
601,0.039184066,0.251355764,0.094459449,0.135366428,0.139898867,0.044762129
601.8,0.036934208,0.242636081,0.092107017,0.1340923,0.137043734,0.040624391
602.5,0.035383722,0.237032629,0.090360706,0.132798674,0.135485618,0.03875177
603.2,0.036008494,0.231630935,0.088331256,0.131516916,0.135486466,0.038451676
604,0.036407772,0.225705348,0.086277223,0.129289947,0.134299653,0.039616448
604.7,0.038632198,0.218045319,0.083834084,0.126665395,0.132153218,0.041863762
605.4,0.041077033,0.210531099,0.080541526,0.124573214,0.129888101,0.045113934
606.2,0.045614048,0.203911226,0.077792359,0.122426778,0.127550927,0.050217229
606.9,0.052895993,0.198202657,0.07537889,0.121326433,0.125091681,0.059526928
607.7,0.067956647,0.191709095,0.073549503,0.119278333,0.122580724,0.077698728
608.4,0.099430076,0.185748752,0.071187745,0.116681756,0.120068072,0.115292719
609.1,0.165967041,0.178446462,0.069274434,0.1134816,0.118205624,0.192189712
609.9,0.282968134,0.174422319,0.067425549,0.111319905,0.115853191,0.323242669
610.6,0.414987496,0.169838678,0.06641591,0.111002009,0.113838153,0.470787238
611.3,0.464800573,0.166336733,0.064906115,0.110340785,0.113296457,0.527726279
612.1,0.405711706,0.160676483,0.0631242,0.109325212,0.112296144,0.465218543
612.8,0.290984207,0.15575121,0.06141519,0.107707756,0.111094072,0.337816731
613.6,0.206061816,0.150540254,0.059441689,0.106751524,0.109495265,0.241394971
614.3,0.15903012,0.146544086,0.058304044,0.105563016,0.109170587,0.186142901
615,0.122000712,0.141655265,0.057406305,0.104411807,0.109069708,0.143224358
615.8,0.090950298,0.13860007,0.056325458,0.104509295,0.108082958,0.107353789
616.5,0.068996804,0.13423938,0.055649822,0.103908259,0.106936836,0.080870061
617.2,0.057050685,0.130789146,0.054250231,0.104519468,0.10607894,0.065884006
618,0.051664251,0.127168519,0.053509321,0.103175826,0.106407857,0.058183286
618.7,0.048990531,0.12452447,0.052890483,0.102503582,0.106064529,0.055067903
619.4,0.048271661,0.122222053,0.052487814,0.101626188,0.106062833,0.054705925
620.2,0.04871163,0.119891661,0.052052084,0.101779626,0.106046727,0.055171325
620.9,0.049092258,0.117552792,0.050960216,0.102773158,0.106884277,0.055992769
621.7,0.049835711,0.115749684,0.050571959,0.103197019,0.107897307,0.056274213
622.4,0.050291786,0.114455211,0.049700499,0.104029484,0.108334732,0.057040555
623.1,0.049727203,0.112826734,0.049530955,0.104580504,0.108444088,0.05704988
623.9,0.049658537,0.11074303,0.049135068,0.105513,0.108851843,0.057490696
624.6,0.049159228,0.108602528,0.048619652,0.106629452,0.109644465,0.056893051
625.3,0.049572069,0.107341963,0.048226308,0.107879844,0.111189865,0.055773209
626.1,0.048030908,0.106253486,0.048166968,0.108571586,0.112058781,0.054047244
626.8,0.045714928,0.104834397,0.048104236,0.109660911,0.113542297,0.052017794
627.6,0.04327518,0.10313895,0.047214126,0.111182574,0.114579911,0.050007841
628.3,0.043109026,0.102653205,0.046006121,0.113662165,0.116617838,0.04861927
629,0.044455211,0.101746141,0.045955257,0.114690454,0.117736833,0.049202504
629.8,0.046491442,0.10092724,0.046576638,0.117045429,0.119158465,0.051280274
630.5,0.045838695,0.09922925,0.046523232,0.116884362,0.120484304,0.05112938
631.2,0.042345227,0.09748633,0.046432525,0.118568789,0.122300128,0.046327874
632,0.036203471,0.096185075,0.045545807,0.118995193,0.12391165,0.039132397
632.7,0.03093826,0.095372108,0.045584802,0.122516637,0.126130143,0.032608318
633.5,0.028141621,0.09503641,0.044910862,0.124454532,0.127686563,0.029201317
634.2,0.027041276,0.093430822,0.044325933,0.125846494,0.130065275,0.027089638
634.9,0.026381747,0.091598043,0.043858837,0.127037546,0.131081695,0.02650047
635.7,0.025314463,0.09064605,0.04375711,0.129474751,0.132798335,0.025872307
636.4,0.02487619,0.090880022,0.044261506,0.131424514,0.134375948,0.025669702
637.1,0.024389597,0.090445987,0.043659622,0.133878674,0.137068318,0.025679874
637.9,0.024132737,0.089276129,0.043125556,0.135739427,0.140125209,0.025522198
638.6,0.024028467,0.086732959,0.042822919,0.138655595,0.141819808,0.024927096
639.4,0.024199707,0.085068878,0.042921255,0.139973805,0.143914533,0.024209922
640.1,0.024695625,0.084332206,0.042838178,0.141050414,0.145440435,0.024236201
640.8,0.024055594,0.083202191,0.043106059,0.143109534,0.149673118,0.023877614
641.6,0.023787713,0.082602002,0.042849198,0.145790884,0.151460967,0.024111586
642.3,0.023201088,0.081122725,0.041797174,0.148111103,0.153078423,0.024144647
643,0.023782627,0.080159711,0.040779906,0.150607648,0.153539584,0.024840628
643.8,0.023401999,0.078933903,0.040418775,0.152313268,0.155976789,0.024689733
644.5,0.023311293,0.0780972,0.040205149,0.153628087,0.158131702,0.024643956
645.3,0.023027305,0.07834304,0.040924019,0.154754711,0.160548562,0.024905903
646,0.023571544,0.077179115,0.041146122,0.156108526,0.161709095,0.025150895
646.7,0.024404856,0.075236133,0.04180226,0.158273611,0.163799581,0.025144113
647.5,0.024727838,0.072941346,0.040327221,0.159921586,0.164986394,0.025607818
648.2,0.025284793,0.071254376,0.039170926,0.160200487,0.166562312,0.026507252
648.9,0.025401779,0.069729322,0.038317269,0.161203343,0.167230318,0.027985682
649.7,0.02588159,0.068539966,0.037727253,0.161053296,0.16698024,0.028580784
650.4,0.026644541,0.067272619,0.037802701,0.162667362,0.167843222,0.028588413
651.1,0.026616566,0.065489857,0.037034663,0.162357943,0.166642846,0.027525368
651.9,0.026731009,0.063663013,0.036624365,0.162621585,0.166897163,0.026319058
652.6,0.025628121,0.061859905,0.035796987,0.162445258,0.165988403,0.025690895
653.4,0.025422972,0.06067394,0.03542738,0.162577503,0.166957351,0.025447598
654.1,0.024326017,0.059210769,0.035349389,0.161585667,0.166230852,0.02547303
654.8,0.024827022,0.058260472,0.035434162,0.160401397,0.165732391,0.025229733
655.6,0.024262438,0.056487882,0.035540975,0.159388368,0.163574935,0.025113595
656.3,0.024270068,0.054674601,0.034293126,0.157558133,0.161019048,0.025070361
657,0.02337572,0.052734162,0.033758212,0.155510881,0.158147809,0.024980502
657.8,0.023162941,0.051619406,0.033169045,0.154078228,0.158302942,0.024767724
658.5,0.022965421,0.050216424,0.033199563,0.153602655,0.157539144,0.024309105
659.3,0.022492392,0.048693065,0.032461195,0.15332884,0.157749379,0.023608038
660,0.02289506,0.047393505,0.031619406,0.152203064,0.155457983,0.023459687
660.7,0.023307054,0.046066818,0.031284555,0.150856031,0.15395836,0.023569043
661.5,0.023966583,0.04463586,0.030584336,0.147183693,0.150713275,0.024537991
662.2,0.023617321,0.0429828,0.029956173,0.145158482,0.148944076,0.024885557
662.9,0.023938608,0.041838373,0.029207633,0.143097666,0.147750481,0.024685495
663.7,0.023447776,0.0414374,0.029000788,0.14222112,0.146765426,0.02368179
664.4,0.023160398,0.040788891,0.028943991,0.140532455,0.144776667,0.022464459
665.2,0.02173707,0.040501513,0.02911184,0.138764952,0.143052398,0.022032968
665.9,0.021389503,0.039262142,0.028906691,0.136892331,0.141537516,0.021746437
666.6,0.021507337,0.038278782,0.028677806,0.135007841,0.139490264,0.022193188
667.4,0.022015971,0.036982613,0.028019125,0.132936853,0.138079652,0.021726092
668.1,0.021720116,0.03661131,0.027217178,0.131922128,0.136218899,0.021325119
668.9,0.021179268,0.036162865,0.027114604,0.130351297,0.134467503,0.021578588
669.6,0.020944449,0.035755957,0.026919627,0.129277231,0.13234226,0.021860032
670.4,0.021454778,0.034532692,0.026851809,0.126454312,0.129871146,0.021783737
671.2,0.021045328,0.033609522,0.025783678,0.124456228,0.127883235,0.021463298
671.9,0.020905453,0.032822834,0.025815044,0.123009164,0.126208981,0.021586218
672.7,0.020291702,0.032595644,0.025685342,0.122394564,0.124025245,0.021310708
673.4,0.020624857,0.032452379,0.02643812,0.120063325,0.122767224,0.020805464
674.2,0.020434119,0.031661453,0.025339471,0.117419276,0.120513127,0.020067097
674.9,0.020242534,0.031238439,0.02507922,0.115845901,0.119122013,0.020156108
675.7,0.020519739,0.030807796,0.024507854,0.115177047,0.117811432,0.020444334
676.5,0.020736756,0.030814577,0.02493002,0.114007189,0.116854353,0.020808008
677.2,0.020784229,0.030620449,0.02493765,0.112929732,0.116234667,0.020901257
678,0.020672329,0.029740512,0.024463773,0.111488602,0.114668074,0.020586752
678.7,0.02119707,0.02913439,0.024306944,0.110176326,0.113186253,0.021035197
679.5,0.021570069,0.028552004,0.023944118,0.108535982,0.111651026,0.021290362
680.2,0.02149886,0.02903012,0.023925468,0.106998211,0.109480854,0.021795605
681,0.02103346,0.028134924,0.023763553,0.105356171,0.107971059,0.021422607
681.8,0.021019048,0.027841611,0.023138781,0.104047286,0.106813916,0.021263235
682.5,0.020968185,0.026657342,0.023248137,0.102875732,0.106774921,0.0214065
683.3,0.021129252,0.027442334,0.023131999,0.102535795,0.105308359,0.021477709
684,0.021158075,0.027553385,0.023528734,0.101453252,0.103553572,0.021649797
684.8,0.021226741,0.027746666,0.022980257,0.101274383,0.102790621,0.021484491
685.5,0.021189441,0.02733213,0.02281156,0.100950552,0.102382866,0.021974475
686.3,0.022180429,0.026506447,0.022847164,0.100786942,0.102557497,0.02251617
687.1,0.023264668,0.02618516,0.023048074,0.0995179,0.101200292,0.022767096
687.8,0.023608843,0.026206353,0.023808482,0.098792248,0.101188423,0.022478023
688.6,0.022722972,0.026195332,0.023267635,0.098566754,0.100587388,0.021294601
689.3,0.021764197,0.026029179,0.02277426,0.099314446,0.100639946,0.020767317
690.1,0.020718107,0.025655333,0.02159762,0.099179658,0.100577215,0.020490111
690.8,0.020537541,0.025164501,0.021269551,0.099218653,0.100251689,0.021174224
691.6,0.020195909,0.025079728,0.021245814,0.098619313,0.099540449,0.020791901
692.4,0.021207243,0.024883904,0.021610335,0.098438748,0.099273416,0.021348007
693.1,0.021407306,0.025345066,0.022278342,0.098802421,0.100104185,0.021864271
693.9,0.021593805,0.024782177,0.022408043,0.098430271,0.101142646,0.021568416
694.6,0.020837636,0.024282021,0.021651026,0.098298873,0.100500072,0.02067661
695.4,0.020042471,0.023935302,0.02138145,0.097780914,0.098891941,0.020105245
696.1,0.019201529,0.024079415,0.021484025,0.097767351,0.099044531,0.019674601
696.9,0.018954842,0.023597908,0.021623051,0.098134415,0.099477718,0.019677992
697.7,0.018837856,0.02331392,0.021852784,0.098085247,0.100781516,0.018917584
698.4,0.018693743,0.022886668,0.021166128,0.098874478,0.099681171,0.019422827
699.2,0.018908217,0.023272382,0.021192408,0.099589108,0.100533133,0.019527945
699.9,0.019116757,0.023525004,0.020537118,0.099661165,0.100154201,0.019918746
700.7,0.019560964,0.023732696,0.020833821,0.10014352,0.101992065,0.019600002
701.4,0.020033994,0.023464815,0.020436238,0.100282546,0.100855268,0.019092215
702.2,0.019848342,0.023185914,0.020471843,0.100113849,0.100679789,0.019282953
703,0.020036537,0.023466511,0.020552377,0.099578936,0.099583683,0.020147631
703.7,0.020008562,0.023074862,0.020793978,0.098787162,0.100589931,0.020710519
704.5,0.020958012,0.023023999,0.020475234,0.099203394,0.100674703,0.021498902
705.2,0.022090571,0.02291549,0.020474386,0.099575545,0.100699287,0.022921382
706,0.023320617,0.022594203,0.020521859,0.098402296,0.098628299,0.024599027
706.8,0.024273459,0.022142367,0.021078813,0.097394352,0.098345159,0.025787535
707.5,0.025166959,0.021771064,0.020730399,0.096327916,0.097870434,0.026294474
708.3,0.024976221,0.022044031,0.020688012,0.096201606,0.09801709,0.026916703
709.1,0.025313615,0.022426354,0.020286191,0.095192815,0.097292287,0.027105745
709.9,0.02517035,0.022141519,0.020020854,0.094355264,0.095865568,0.02679124
710.6,0.025063537,0.022290718,0.019718217,0.093259158,0.094822868,0.02594945
711.4,0.024553207,0.021538788,0.019483397,0.091954511,0.092879038,0.024929639
712.2,0.024065766,0.021394675,0.019242644,0.089980163,0.091376025,0.02459394
713,0.023577478,0.021012351,0.019424057,0.088863712,0.089689903,0.023808101
713.8,0.022573773,0.021294643,0.019780948,0.088557683,0.088977815,0.02348088
714.5,0.021610759,0.021387893,0.020537965,0.087959191,0.087162839,0.02233391
715.3,0.020752863,0.021280232,0.020198876,0.086620635,0.086240516,0.021852403
716.1,0.019967871,0.020866543,0.019669896,0.084157151,0.083968617,0.020648636
716.9,0.01918627,0.020894518,0.019678374,0.081550401,0.082609717,0.020072184
717.7,0.018246993,0.021238693,0.019651247,0.079567576,0.079726609,0.01918716
718.4,0.018614905,0.021451472,0.020006443,0.077653417,0.078110848,0.018784492
719.2,0.017864669,0.021065758,0.019905564,0.075006824,0.075639734,0.017675669
720,0.017888406,0.021122555,0.020225155,0.072686605,0.074352043,0.017713817
720.8,0.017577291,0.021175114,0.019942016,0.070494392,0.071787679,0.016872875
721.5,0.017694277,0.020958097,0.019599535,0.069116842,0.070175309,0.017539186
722.3,0.017792613,0.020828395,0.018702644,0.067295084,0.067860176,0.017434916
723.1,0.017269568,0.020080703,0.018873884,0.065068115,0.065704416,0.017883362
723.9,0.017356035,0.019649212,0.018204183,0.06349474,0.063623255,0.017918966
724.7,0.016911828,0.019092258,0.018288107,0.061303375,0.061918483,0.017751965
725.4,0.017016946,0.019349118,0.017651467,0.06012843,0.060756254,0.018001195
726.2,0.017271263,0.019768741,0.018053288,0.058550817,0.059337165,0.017936768
727,0.017377228,0.019939981,0.018083806,0.05737672,0.058037605,0.017586659
727.8,0.016910133,0.019770436,0.018068547,0.056119546,0.056554937,0.017143299
728.6,0.016908437,0.019571221,0.017896459,0.054693675,0.055193493,0.016670269
729.3,0.017361122,0.019733984,0.018300823,0.053327993,0.053915126,0.016554979
730.1,0.017570509,0.019667862,0.018683994,0.052348024,0.0531242,0.016495638
730.9,0.01724244,0.019730593,0.018266066,0.051600332,0.052339208,0.016259971
731.7,0.016372676,0.019046481,0.01761671,0.051096785,0.051400778,0.016449861
732.5,0.016743979,0.019274518,0.016805439,0.050596628,0.051321092,0.01677793
733.2,0.016931326,0.019503404,0.01701737,0.050040521,0.051082034,0.017028009
734,0.017182252,0.019144817,0.016841891,0.049490349,0.050485237,0.017121258
734.8,0.016336224,0.018897281,0.017002111,0.048926613,0.049433212,0.017051745
735.6,0.016874528,0.018651442,0.017229301,0.048746895,0.048980528,0.017006816
736.3,0.017575596,0.019436433,0.017391216,0.048749438,0.0494934,0.017297585
737.1,0.01797996,0.019375397,0.017517527,0.049059705,0.04936709,0.017484084
737.9,0.017197511,0.019173639,0.016958877,0.04872655,0.049395912,0.017350991
738.7,0.016677857,0.019383027,0.017259819,0.048701118,0.049814688,0.017131431
739.5,0.017105957,0.018844722,0.017135203,0.049119046,0.050411485,0.017190772
740.2,0.017252613,0.018818443,0.017297119,0.049809093,0.050860778,0.017480693
741,0.017006773,0.018742996,0.017331028,0.050417758,0.050938769,0.017790112
741.8,0.016522723,0.019394895,0.01774726,0.050561023,0.050881971,0.017729076
742.6,0.016085298,0.019227046,0.017577715,0.050917067,0.05144486,0.017587506
743.4,0.016266711,0.018679416,0.017655706,0.05091961,0.051803447,0.016981384
744.1,0.016333681,0.018222493,0.017286098,0.05149691,0.053040275,0.016847444
744.9,0.016626145,0.018368302,0.017262362,0.052316659,0.053457355,0.017132279
745.7,0.017233115,0.018404754,0.017173351,0.053546705,0.054200809,0.01706107
746.5,0.017230572,0.018813357,0.017649772,0.053968024,0.05472894,0.016762671
747.2,0.017311106,0.018684503,0.017976993,0.054474962,0.056067496,0.016765215
748,0.017226334,0.018740453,0.018440698,0.055431195,0.057510321,0.017224681
748.8,0.017344167,0.018442902,0.017838814,0.056323,0.058106271,0.01737388
749.6,0.017065266,0.018355586,0.017458186,0.056690064,0.058407212,0.017310301
750.4,0.016526962,0.018487831,0.016645219,0.057375872,0.059017573,0.017251808
751.1,0.015900494,0.01865568,0.01702839,0.058694082,0.06050448,0.017340819
751.9,0.015521562,0.018266575,0.017376805,0.05996821,0.061063978,0.017486627
752.7,0.015747904,0.017809652,0.01740817,0.060256436,0.061307274,0.017132279
753.5,0.016554937,0.017518035,0.017387825,0.060279325,0.061065673,0.01726198
754.3,0.016978798,0.018271661,0.016990243,0.059981774,0.061552266,0.016628731
755,0.016705831,0.018720107,0.016985156,0.061125353,0.061620084,0.017152624
755.8,0.016393869,0.019015115,0.016606224,0.06148394,0.06228809,0.01651005
756.6,0.016219238,0.019092258,0.017086035,0.062940329,0.06239999,0.016728762
757.4,0.016267558,0.018885413,0.017074167,0.062920831,0.062703475,0.016287946
758.2,0.016493901,0.018563278,0.016817307,0.062961522,0.062684825,0.016787255
758.9,0.016938955,0.018715869,0.0169504,0.062983563,0.063117164,0.016914414
759.7,0.017034748,0.018849809,0.017046192,0.06304799,0.062535626,0.016966125
760.5,0.016705831,0.018587015,0.017264905,0.063449811,0.062836567,0.017244178
761.3,0.016409128,0.017794393,0.016893602,0.063441333,0.062825547,0.016948323
762,0.016472708,0.017758789,0.01669693,0.062689403,0.062054966,0.016962734
762.8,0.01681434,0.018174173,0.01672321,0.062749591,0.061116537,0.017185685
763.6,0.016906742,0.018554801,0.016547731,0.062212134,0.060618075,0.017955418
764.4,0.016686334,0.018424252,0.015953477,0.062328272,0.061732831,0.018041038
765.2,0.016681248,0.017939354,0.015861075,0.061510219,0.062637352,0.017499343
765.9,0.016450667,0.017988522,0.015494859,0.061538194,0.063193459,0.017428134
766.7,0.016366742,0.017829998,0.015924654,0.06137204,0.062738231,0.017739249
767.5,0.01600646,0.017670626,0.016140824,0.061110942,0.061861685,0.017755355
768.3,0.016117511,0.017263718,0.016173885,0.060615023,0.060893585,0.017698558
769.1,0.016459992,0.017167926,0.016471436,0.059761366,0.060030603,0.017145842
769.8,0.016673618,0.017364597,0.016155235,0.059273925,0.059516882,0.016993252
770.6,0.01726872,0.017742682,0.016323932,0.058860236,0.059178641,0.016476141
771.4,0.016583759,0.018165696,0.016438375,0.059512135,0.059486364,0.016624492
772.2,0.016618516,0.018511567,0.016568924,0.059370565,0.059440587,0.017061918
772.9,0.015508846,0.018545476,0.016484152,0.058939074,0.058909912,0.017313692
773.7,0.016055628,0.018008019,0.016029772,0.05801336,0.05888109,0.017293346
774.5,0.016240431,0.018192823,0.016001797,0.057075778,0.058664073,0.016807601
775.3,0.016592237,0.017983435,0.01640277,0.056489153,0.058425015,0.01626421
776.1,0.016052237,0.01829455,0.01668591,0.055688902,0.057673932,0.016217585
776.8,0.01564872,0.017794393,0.016308673,0.055699923,0.057044073,0.016250646
777.6,0.015371515,0.017320516,0.016160321,0.055323534,0.056824513,0.016165874
778.4,0.015960683,0.017550249,0.016025533,0.055495622,0.055887778,0.01564961
779.2,0.015765706,0.01765028,0.016708799,0.055010724,0.055412206,0.015445309
780,0.015765706,0.018008867,0.016553665,0.054699609,0.055261311,0.015747946
